{
	"partitions" : [
		{
			"name" : "Top",
			"pins" : [
				{
					"name" : "hsync",
					"strict" : false
				},
				{
					"name" : "vsync",
					"strict" : false
				},
				{
					"name" : "vga_r",
					"strict" : false
				},
				{
					"name" : "vga_b",
					"strict" : false
				},
				{
					"name" : "vga_clk",
					"strict" : false
				},
				{
					"name" : "vga_blank",
					"strict" : false
				},
				{
					"name" : "led_red",
					"strict" : false
				},
				{
					"name" : "reset_sw",
					"strict" : false
				}
			]
		}
	]
}